{"cameraMode":{"drawMode":0,"name":"Shaded","section":"Shading Mode"},"sceneLighting":false,"audioPlay":false,"sceneViewState":{"m_AlwaysRefresh":false,"showFog":true,"showSkybox":false,"showFlares":true,"showImageEffects":true,"showParticleSystems":true,"showVisualEffectGraphs":true,"m_FxEnabled":true},"in2DMode":false,"pivot":{"x":0.019999995827674867,"y":0.48000001907348635,"z":0.10000000894069672},"rotation":{"x":0.030364030972123147,"y":0.9631631970405579,"z":-0.23725859820842744,"w":0.12381592392921448},"size":0.8845824003219605,"orthographic":false}