{"cameraMode":{"drawMode":0,"name":"Shaded","section":"Shading Mode"},"sceneLighting":false,"audioPlay":false,"sceneViewState":{"m_AlwaysRefresh":false,"showFog":true,"showSkybox":false,"showFlares":true,"showImageEffects":true,"showParticleSystems":true,"showVisualEffectGraphs":true,"m_FxEnabled":true},"in2DMode":false,"pivot":{"x":116.43031311035156,"y":157.96926879882813,"z":100.31029510498047},"rotation":{"x":-0.12850025296211244,"y":0.5460989475250244,"z":-0.08521071821451187,"w":-0.8234333992004395},"size":1.4132392406463624,"orthographic":false}