{"cameraMode":{"drawMode":0,"name":"Shaded","section":"Shading Mode"},"sceneLighting":true,"audioPlay":false,"sceneViewState":{"m_AlwaysRefresh":false,"showFog":true,"showSkybox":true,"showFlares":true,"showImageEffects":true,"showParticleSystems":true,"showVisualEffectGraphs":true,"m_FxEnabled":true},"in2DMode":false,"pivot":{"x":465.5935974121094,"y":283.02740478515627,"z":-219.0835418701172},"rotation":{"x":0.13887502253055573,"y":0.08220499008893967,"z":-0.011570346541702748,"w":0.9868337512016296},"size":79.50148010253906,"orthographic":false}