{"cameraMode":{"drawMode":0,"name":"Shaded","section":"Shading Mode"},"sceneLighting":false,"audioPlay":false,"sceneViewState":{"m_AlwaysRefresh":false,"showFog":true,"showSkybox":false,"showFlares":true,"showImageEffects":true,"showParticleSystems":true,"showVisualEffectGraphs":true,"m_FxEnabled":true},"in2DMode":false,"pivot":{"x":98.69867706298828,"y":150.32183837890626,"z":116.47225189208985},"rotation":{"x":-0.08959323167800904,"y":-0.2113887071609497,"z":0.01946580596268177,"w":-0.9731301069259644},"size":1.2983949184417725,"orthographic":false}