{"cameraMode":{"drawMode":0,"name":"Shaded","section":"Shading Mode"},"sceneLighting":false,"audioPlay":false,"sceneViewState":{"m_AlwaysRefresh":false,"showFog":true,"showSkybox":false,"showFlares":true,"showImageEffects":true,"showParticleSystems":true,"showVisualEffectGraphs":true,"m_FxEnabled":true},"in2DMode":false,"pivot":{"x":106.9804458618164,"y":155.35671997070313,"z":118.81562805175781},"rotation":{"x":-0.17985808849334718,"y":0.8184815645217896,"z":-0.35403576493263247,"w":-0.4154856503009796},"size":1.5042904615402222,"orthographic":false}